Row,ASIN,SKU,UPC,Store,SaleChan,Status,URL,Price
4449,,,MF?694318024157,MF?Alesis?TURBOMESHKITXUS,,MF?Alesis?106388,https://www.ebay.com/itm/Alesis-Turbo-Mesh-Kit/133183955916?hash=item1f0261e3cc:g:qeIAAOSwF4ddjJAz,9999999
1511,,,MF?885978251353,MF?Fender?0113702751,,MF?Fender?113702751,https://www.ebay.com/itm/Fender-Britt-Daniels-Telecaster-Thinline-Maple-FB-Electric-Guitar-Amarillo-Gold/362921161027?hash=item547fc97143:g:8RoAAOSwURheTwNG,9999999
1467,,,MF?885978077946,MF?Fender?0149813357,,MF?Fender?149813357,https://www.ebay.com/itm/Fender-Vintera-60s-Jaguar-Modified-Electric-Guitar-Surf-Green/133314197105?hash=item1f0a253671:g:MPUAAOSw1nVeKsPk,9999999
3812,,,MF?635464453828,MF?Hercules Stands?DS590B,,MF?Hercules?DS590B,https://www.ebay.com/itm/Hercules-Stands-Double-Bass-Stand/362950857429?hash=item54818e92d5:g:oNAAAOSwnTBedeae,9999999
2980,,,MF?048667325197,MF?Hohner?1896BX-MC,,MF?Hohner?1896BX-NMC,https://www.ebay.com/itm/Hohner-1896-Marine-Band-Natural-Minor-Harmonica-C/133299826393?hash=item1f0949eed9:g:JywAAOSw~bVeGErk,9999999
3251,,,MF?0839128005808,MF?MOTU?5960,,MF?MOTU?5960,https://www.ebay.com/itm/MOTU-MachFive-3/362885946180?hash=item547db01b44:g:W-8AAOSwWWdeItbJ,9999999
3250,,,MF?0839128005617,MF?MOTU?7500,,MF?MOTU?7500,https://www.ebay.com/itm/MOTU-BPM-Beat-Production-Machine-Virtual-Instrument/164126918048?hash=item2636ba05a0:g:OicAAOSwhWteb6w-,9999999
3665,,,MF?615104309425,MF?Sennheiser?507956,,MF?Sennheiser?EW 112P G4-G,https://www.ebay.com/itm/Sennheiser-ew-112P-G4-Portable-Lavalier-Wireless-Set-Band-G/362943662869?hash=item548120cb15:g:g1oAAOSw0LtebAvd,9999999
1440,,,MF?885978064618,MF?Squier?0374085505,,MF?Fender?374085505,https://www.ebay.com/itm/Squier-Classic-Vibe-60s-Jazzmaster-Left-Handed-Electric-Guitar-Olympic-White/133303817178?hash=item1f0986d3da:g:xTAAAOSw2VdeHZlg,9999999
1446,,,MF?885978064892,MF?Squier?0374510505,,MF?Fender?374510505,https://www.ebay.com/itm/Squier-Classic-Vibe-60s-Precision-Bass-Olympic-White/133348509223?hash=item1f0c30c627:g:lJMAAOSwFRxeW4qy,9999999
1445,,,MF?885978064830,MF?Squier?0374580506,,MF?Fender?374580506,https://www.ebay.com/itm/Squier-Classic-Vibe-Bass-VI-Black/133346816061?hash=item1f0c16f03d:g:x2AAAOSw9h5eWOhj,9999999
3073,,,MF?0656238032261,MF?Williams?Symphony Grand Ebony,,MF?Williams?Symphony Grand OLDSymphony Grand,https://www.ebay.com/itm/Williams-Symphony-Grand-Digital-Piano-with-Bench/133167916860?hash=item1f016d273c:g:l5gAAOSwgvxdeMiz,9999999
1,,,MF?703624972318,MF?DAngelico?DAPMISNACCH,,,https://www.ebay.com/itm/DAngelico-Premier-Niagara-Mini-Dreadnought-Acoustic-Electric-Guitar-Natural/362880507332?hash=item547d5d1dc4:g:46gAAOSwM0BeHEJQ,399.99
2,,,MF?703624972325,MF?DAngelico?DAPMIMNACCH,,,https://www.ebay.com/itm/DAngelico-Premier-Niagara-Mahogany-Mini-Dreadnought-Acoustic-Electric-Guitar/133302686787?hash=item1f09759443:g:zOIAAOSwiX1eHEJd,399.99
3,,,MF?703856170681,MF?DAngelico?DAESTYBSBKGT,,,https://www.ebay.com/itm/DAngelico-Excel-Style-B-Hollowbody-Electric-Guitar-Black/133322639218?hash=item1f0aa60772:g:9~4AAOSwV6heNdmI,1699.99
4,,,MF?703856170698,MF?DAngelico?DPADGABAG,,,https://www.ebay.com/itm/DAngelico-Dreadnought-and-Grand-Auditorium-Acoustic-Guitar-Gig-Bag/362905137429?hash=item547ed4f115:g:ZP0AAOSwT~NeOuDT,59.0
5,,,MF?703856170704,MF?DAngelico?DPAJBAG,,,https://www.ebay.com/itm/DAngelico-Jumbo-Acoustic-Guitar-Gig-Bag/164105881002?hash=item26357905aa:g:FOIAAOSwOCteW7-C,59.0
6,,,MF?703856170711,MF?DAngelico?DPADGA12BAG,,,https://www.ebay.com/itm/DAngelico-Grand-Auditorium-12-String-Acoustic-Guitar-Gig-Bag/133303815577?hash=item1f0986cd99:g:7ngAAOSwGEFeHZiV,59.0
