2,B00X1DD190,YG-SX2B-YY7V,SW?703272317295,,AmD,SW?Pro Co?EVLMCN-2,http://www.ebay.com/itm/Pro-Co-EVLMCN-2-Evolution-Microphone-Cable-2-/401958903905?hash=item5d969e2061,Brand or condition not confirmed
3,B012TNMJJK,KA-QYA0-N8UC,SW?703272349289,,AmD,SW?Pro Co?EVLMCN-3,http://www.ebay.com/itm/Pro-Co-EVLMCN-3-Evolution-Microphone-Cable-3-/174096208226?hash=item2888f15162,Brand or condition not confirmed
4,B072L24V44,BW-33QS-9SR6,SW?728736033252,,AmD,SW?Hosa?PWC-415,http://www.ebay.com/itm/Hosa-PWC-415-IEC-C13-Power-Cable-15-/401958814202?hash=item5d969cc1fa,Brand or condition not confirmed
6,B000J1ARXA,XB-4LAF-5B9O,SW?656747023743,,AmD,SW?Middle Atlantic Products?VT4,http://www.ebay.com/itm/Middle-Atlantic-Products-Vent-Panels-4-Rack-Spaces-5-32-holes-/264663539840?hash=item3d9f2d2080,Brand or condition not confirmed
15,B004TP4J7M,KK-TF6X-6OPB,SW?728736050112,,AmD,SW?Hosa?HMIC-025,http://www.ebay.com/itm/Hosa-HMIC-025-Pro-Microphone-Cable-25-/264533299806?hash=item3d9769d25e,Brand or condition not confirmed
23,B000ZLQ698,TW-KZ15-37TB,SW?042005108336,,AmD,SW?Audio-Technica?AT8109,http://www.ebay.com/itm/Audio-Technica-AT8109-Windscreen-/174096428039?hash=item2888f4ac07,Brand or condition not confirmed
36,B07PMDZVJ6,ET-6D57-JQHO,SW?817603012992,,AmD,SW?JUMPERZ?JB2TRS-10,http://www.ebay.com/itm/JUMPERZ-BLUE-LINE-JB2TRS-10-10-/264533276753?hash=item3d97697851,Brand or condition not confirmed
37,B07PQMYZK7,KB-3I5T-1498,SW?817603013043,,AmD,SW?JUMPERZ?JBTRSXF-10,http://www.ebay.com/itm/JUMPERZ-BLUE-LINE-JBTRSXF-10-10-/264533142426?hash=item3d97676b9a,Brand or condition not confirmed
38,B07PMF1VZW,S4-VQSB-ZHCT,SW?817603012657,,AmD,SW?JUMPERZ?JBI-10,http://www.ebay.com/itm/JUMPERZ-JBI-10-Blue-Line-Instrument-Cable-10-/264533142996?hash=item3d97676dd4,Brand or condition not confirmed
39,B07PNCFF6M,A4-XL9H-87XI,SW?817603012688,,AmD,SW?JUMPERZ?JBI-10RA,http://www.ebay.com/itm/JUMPERZ-JBI-10RA-Blue-Line-Instrument-Cable-Straight-Angled-10-/264533142945?hash=item3d97676da1,Brand or condition not confirmed
40,B07PNCFMV9,CZ-7UXB-PLC6,SW?817603012893,,AmD,SW?JUMPERZ?JBM-10,http://www.ebay.com/itm/JUMPERZ-JBM-10-Blue-Line-Microphone-Cable-10-XLR-XLR-/174096100737?hash=item2888efad81,Brand or condition not confirmed
44,B07N6P9V6H,W0-WO5A-NEXY,SW?703272027064,,AmD,SW?Pro Co?TTXM-2,http://www.ebay.com/itm/Pro-Co-2-Excellines-Tiny-Telephone-XLR-Male-Cable-2-XLR-Male-/401958819779?hash=item5d969cd7c3,Brand or condition not confirmed
45,B00061UJBI,WP-OEG7-NWXG,SW?703272029501,,AmD,SW?Pro Co?IPBQ2Q-3,http://www.ebay.com/itm/Pro-Co-3-IPBQ2Q-3-1-4-TRS-2-1-4-TS-Insert-Cable-/401958814698?hash=item5d969cc3ea,Brand or condition not confirmed
46,B0010BTJAK,HM-7KIQ-RU5V,SW?703272029563,,AmD,SW?Pro Co?IPBQ2Q-5,http://www.ebay.com/itm/Pro-Co-5-IPBQ2Q-5-1-4-TRS-2-1-4-TS-Insert-Cable-/264533194961?hash=item3d976838d1,Brand or condition not confirmed
47,B0098JOS20,GP-A2G9-MAID,SW?703272106875,,AmD,SW?Pro Co?BPMBMB-25,http://www.ebay.com/itm/Pro-Co-BPMBMB-25-Excellines-3-5mm-TRS-Male-3-5mm-TRS-Male-Cable-25-/264610184019?hash=item3d9bfefb53,Brand or condition not confirmed
49,B07N6P88JT,9F-1R8V-2YA7,SW?765811432814,,AmD,SW?Pro Co?S16-25,http://www.ebay.com/itm/Pro-Co-S16-25-TS-TS-Speaker-Cable-25-/264533576330?hash=item3d976e0a8a,Brand or condition not confirmed
50,B0010BKNKK,JB-PSWL-ZODB,SW?703272026517,,AmD,SW?Pro Co?S16NQ-10,http://www.ebay.com/itm/Pro-Co-S16NQ-10-Speakon-TS-Speaker-Cable-10-/174096422514?hash=item2888f49672,Brand or condition not confirmed
69,B00SCP4HUY,NX-6K6U-7ABN,SW?019954982249,,AmD,SW?DAddario?PW-AMSPRR-105,http://www.ebay.com/itm/DAddario-PW-AMSPRR-105-American-Stage-Patch-Cable-6-/264533265392?hash=item3d97694bf0,Brand or condition not confirmed
78,B009NQPHAU,RI-1Z81-4IIY,SW?703272080052,,AmD,SW?Pro Co?BPBQBQL-15,http://www.ebay.com/itm/Pro-Co-BPBQBQL-15-Excellines-Balanced-Patch-Cable-15-/174096114712?hash=item2888efe418,Brand or condition not confirmed
79,B0010CLZ74,8K-R2NA-P345,SW?703272037438,,AmD,SW?Pro Co?DKQR-3,http://www.ebay.com/itm/Pro-Co-DKQR-3-3-/174096110406?hash=item2888efd346,Brand or condition not confirmed
80,B003Y5D3S4,MB-K0PP-JKV6,SW?703272037582,,AmD,SW?Pro Co?DKRR-5,http://www.ebay.com/itm/Pro-Co-DKRR-5-Dual-RCA-Male-Dual-RCA-Male-Cable-5-/264533198314?hash=item3d976845ea,Brand or condition not confirmed
81,B00AOJCAUA,XW-BTS7-CK7X,SW?703272038237,,AmD,SW?Pro Co?EGL-30,http://www.ebay.com/itm/Pro-Co-EGL-30-Excellines-Straight-Right-Angle-Instrument-Cable-30-/264533138763?hash=item3d97675d4b,Brand or condition not confirmed
82,B003ZZVHCC,6M-QKJ9-YW17,SW?703272037315,,AmD,SW?Pro Co?DK-3,http://www.ebay.com/itm/Pro-Co-Excellines-Dual-Instrument-Patch-Cable-3-Straight-Straight-/174096104435?hash=item2888efbbf3,Brand or condition not confirmed
83,B0002GLGA0,QZ-421H-KEKQ,SW?703272017089,,AmD,SW?Pro Co?LC-10,http://www.ebay.com/itm/Pro-Co-Lifelines-Professional-Guitar-Cable-10-/401958816487?hash=item5d969ccae7,Brand or condition not confirmed
93,B000068NXD,8G-0237-ONGX,SW?0728736005105,,AmD,SW?Hosa?CSS830,http://www.ebay.com/itm/Hosa-CSS-830-1-/264533138332?hash=item3d97675b9c,Brand or condition not confirmed
94,B004NCW2ZC,II-DTKB-UW62,SW?728736051720,,AmD,SW?Hosa?HXS-030,http://www.ebay.com/itm/Hosa-HXS-030-Pro-Balanced-Interconnect-REAN-XLR3F-1-4-TRS-30-ft-/401959121225?hash=item5d96a17149,Brand or condition not confirmed
97,B003LZ2IT2,LB-S3MK-TXHB,SW?659814527465,,AmD,SW?On-Stage Stands?ASFSS6-GB,http://www.ebay.com/itm/On-Stage-Stands-ASFSS6GB-Dual-Screen-Pop-Blocker-/264533212092?hash=item3d97687bbc,Brand or condition not confirmed
99,B001ELP5WM,R1-4VB1-BEB1,SW?659814428083,,AmD,SW?On-Stage Stands?KSP100,http://www.ebay.com/itm/On-Stage-Stands-KSP100-Keyboard-Sustain-Pedal-/401958800394?hash=item5d969c8c0a,Brand or condition not confirmed
101,B004NCREPU,K9-P8EZ-XFGE,SW?728736051508,,AmD,SW?Hosa?HSX-030,http://www.ebay.com/itm/Hosa-HSX-030-Pro-Balanced-Interconnect-REAN-1-4-TRS-XLR3M-30-ft-/264533588240?hash=item3d976e3910,Brand or condition not confirmed
102,B071NBBTDQ,D9-2PIV-KGIY,SW?728736059955,,AmD,SW?Hosa?HXMS-025,http://www.ebay.com/itm/Hosa-HXMS-025-Pro-Headphone-Adaptor-Cable-REAN-3-5-mm-TRS-1-4-TRS-25-ft-/174096434813?hash=item2888f4c67d,Brand or condition not confirmed
106,B01LWBOD85,LX-9EKS-LMJR,SW?761294217078,,AmD,SW?Boss?BIC-5,http://www.ebay.com/itm/Boss-BIC-5-Instrument-Cable-5-/264533265489?hash=item3d97694c51,Brand or condition not confirmed
119,B003Y5CXX0,DY-YI2W-VUQ0,SW?703272079704,,AmD,SW?Pro Co?BPSS-20,http://www.ebay.com/itm/Pro-Co-BP-20-Excellines-Balanced-Patch-Cable-20-/401958816085?hash=item5d969cc955,Brand or condition not confirmed
120,B00HWROGX6,3Q-LCGV-90D1,SW?703272126057,,AmD,SW?Pro Co?BPMBMB-20,http://www.ebay.com/itm/Pro-Co-BPMBMB-20-Excellines-3-5mm-TRS-Male-3-5mm-TRS-Male-Cable-20-/264533158230?hash=item3d9767a956,Brand or condition not confirmed
121,B00APEKLP0,5O-2E59-PG0S,SW?703272079650,,AmD,SW?Pro Co?EGSS-30,http://www.ebay.com/itm/Pro-Co-EGSS-30-Excellines-Instrument-Cable-30-/264533138912?hash=item3d97675de0,Brand or condition not confirmed
122,B003Y5DC8A,DM-0FCM-2IAU,SW?703272079933,,AmD,SW?Pro Co?MIDI3SS-30,http://www.ebay.com/itm/Pro-Co-MIDI3-30-Excellines-MIDI-Cable-30-/401958815854?hash=item5d969cc86e,Brand or condition not confirmed
124,B01FB1U5KC,6D-7R9Q-YPN5,SW?761294210215,,AmD,SW?Roland?RIC-G5,http://www.ebay.com/itm/Roland-RIC-G5-1-4-TS-TS-Instrument-Cable-5-/264533260754?hash=item3d976939d2,Brand or condition not confirmed
136,B0035GS7J2,VK-ZG24-27VI,SW?801813133998,,AmD,SW?Mogami?GOLD INSTRUMENT-1.5RR,http://www.ebay.com/itm/Mogami-Gold-Instrument-RR-Right-Angle-Pedal-Cable-1-5-/401958801028?hash=item5d969c8e84,Brand or condition not confirmed
243,B06XH2H53W,VR-X8M3-38HW,SW?710137097254,,AmD,SW?MXR?DCIST20R,http://www.ebay.com/itm/MXR-DCIST20R-20-TRS-Stereo-Cable-/174096431179?hash=item2888f4b84b,Brand or condition not confirmed
247,B0049TQLJC,KB-LSAW-IPK7,SW?703272103102,,AmD,SW?Pro Co?BPBQMBF-10,http://www.ebay.com/itm/Pro-Co-10-Excellines-TRS-Male-1-8-Mini-Female-Cable-/401958818935?hash=item5d969cd477,Brand or condition not confirmed
250,B009M17LQE,GC-06JN-CS0Y,SW?703272125777,,AmD,SW?Pro Co?BPBQBQL-10,http://www.ebay.com/itm/Pro-Co-BPBQBQL-10-Excellines-Balanced-Patch-Cable-10-/174096114594?hash=item2888efe3a2,Brand or condition not confirmed
253,B008ZCAXPC,DZ-D3ZF-G3I8,SW?703272106868,,AmD,SW?Pro Co?BPMBMB-15,http://www.ebay.com/itm/Pro-Co-BPMBMB-15-Excellines-3-5mm-TRS-Male-3-5mm-TRS-Male-Cable-15-/174096103618?hash=item2888efb8c2,Brand or condition not confirmed
256,B00AL9D1FQ,DT-LKOM-EQ33,SW?703272038305,,AmD,SW?Pro Co?EGLL-20,http://www.ebay.com/itm/Pro-Co-EGLL-20-Excellines-Right-Angle-Right-Angle-Instrument-Cable-20-/174096120117?hash=item2888eff935,Brand or condition not confirmed
258,B003Y5BBHE,IA-ZG9C-KG1H,SW?703272038985,,AmD,SW?Pro Co?EXHQXM-10,http://www.ebay.com/itm/Pro-Co-EXHQXM-10-10-/264533200114?hash=item3d97684cf2,Brand or condition not confirmed
288,B079H9XJQL,7L-ROV2-DQR9,SW?642388320389,,AmD,SW?Zildjian?ZSDWBZB1,http://www.ebay.com/itm/Zildjian-Professional-Retractable-Wire-Brushes-/174096101833?hash=item2888efb1c9,Brand or condition not confirmed
296,B07637T8MY,28-8O30-T9LS,SW?801813185317,,AmD,SW?Mogami?MCP GT 05,http://www.ebay.com/itm/Mogami-CorePlus-Instrument-Cable-5-/401958857485?hash=item5d969d6b0d,Brand or condition not confirmed
297,B07637DCDC,0J-SVSS-UDXD,SW?801813185492,,AmD,SW?Mogami?MCP XX 05,http://www.ebay.com/itm/Mogami-CorePlus-Microphone-Cable-5-/264533291785?hash=item3d9769b309,Brand or condition not confirmed
298,B0765BGFN3,OO-T35M-7PJ0,SW?801813185362,,AmD,SW?Mogami?MCP SS 03,http://www.ebay.com/itm/Mogami-CorePlus-TRS-TRS-Cable-3-/401958857172?hash=item5d969d69d4,Brand or condition not confirmed
299,B07659PQVG,S7-3VTV-HJE1,SW?801813185416,,AmD,SW?Mogami?MCP SXF 05,http://www.ebay.com/itm/Mogami-CorePlus-TRS-XLR-Female-Cable-5-/174096167955?hash=item2888f0b413,Brand or condition not confirmed
301,B001LNN2DC,F9-7FKE-3YA4,SW?801813102765,,AmD,SW?Mogami?GOLD INSTRUMENT-01RR,http://www.ebay.com/itm/Mogami-Gold-Instrument-RR-Right-Angle-Pedal-Cable-10-/401958800401?hash=item5d969c8c11,Brand or condition not confirmed
366,B07SHY6DF5,BE-VBLH-EE4D,SW?799384094582,,AmD,SW?Pro Co?EGLSS-15,http://www.ebay.com/itm/Pro-Co-EGLSS-15-Excellines-Straight-Right-Angle-Instrument-Cable-15-/264533583685?hash=item3d976e2745,Brand or condition not confirmed
378,B015NSUZEO,UO-3KZ4-MJIY,SW?801813169355,,AmD,SW?Mogami?GOLD INSTRUMENT-0.5RR,http://www.ebay.com/itm/Mogami-Gold-Instrument-RR-Right-Angle-Pedal-Cable-6-/401958860718?hash=item5d969d77ae,Brand or condition not confirmed
447,B001NTX2WA,2G-GQV9-2DT4,SW?180688000391,,AmD,SW?Paige?Does not apply,http://www.ebay.com/itm/Paige-6-string-Electric-Guitar-Capo-Black-2-pack-Value-Bundle-/174209926308?hash=item288fb884a4,Brand or condition not confirmed
449,B075BDNHZB,ZR-X2TC-8SXM,SW?180688000735,,AmD,SW?Paige?Does not apply,http://www.ebay.com/itm/Paige-6-string-Standard-Capo-Satin-Nickel-2-pack-Value-Bundle-/401995533689?hash=item5d98cd0d79,Brand or condition not confirmed
449,B075BDNHZB,ZR-X2TC-8SXM,SW?180688000735,,AmD,SW?Paige?Does not apply,http://www.ebay.com/itm/Paige-6-string-Standard-Capo-Satin-Nickel-3-pack-Value-Bundle-/401995534395?hash=item5d98cd103b,Brand or condition not confirmed
449,B075BDNHZB,ZR-X2TC-8SXM,SW?180688000735,,AmD,SW?Paige?Does not apply,http://www.ebay.com/itm/Paige-6-string-Standard-Capo-Satin-Nickel-5-pack-Value-Bundle-/401995533950?hash=item5d98cd0e7e,Brand or condition not confirmed
455,B00MAG07FK,T6-Z0HQ-4MPK,SW?703272079698,,AmD,SW?Pro Co?BPSS-15,http://www.ebay.com/itm/Pro-Co-BP-15-Excellines-Balanced-Patch-Cable-15-/174096112473?hash=item2888efdb59,Brand or condition not confirmed
457,B00ARTVJFY,X6-Y4PU-DEY7,SW?703272108893,,AmD,SW?Pro Co?EGSS-25,http://www.ebay.com/itm/Pro-Co-EGSS-25-Excellines-Instrument-Cable-25-/174096094773?hash=item2888ef9635,Brand or condition not confirmed
459,B009VBVFDA,DA-MUHK-CCY3,SW?703272100927,,AmD,SW?Pro Co?EXMSS-25,http://www.ebay.com/itm/Pro-Co-EXM-25-Excellines-Microphone-Cable-25-/401958800192?hash=item5d969c8b40,Brand or condition not confirmed
463,B07WWZ8RRW,31-1YP9-OLYZ,SW?825362022336,,AmD,SW?PRS?100594:007:003:003,http://www.ebay.com/itm/PRS-Classic-Instrument-Cable-6-Angle-Angle-2-pack-/174096461796?hash=item2888f52fe4,Brand or condition not confirmed
531,B0727PNMTF,P4-UFVK-FAA6,SW?716408544212,,AmD,SW?Gator?Does not apply,http://www.ebay.com/itm/Gator-GRW-RACKRAIL-12U-Rack-Rails-12U-Pair-2-pack-Value-Bundle-/174265693118?hash=item28930b73be,Brand or condition not confirmed
531,B0727PNMTF,P4-UFVK-FAA6,SW?716408544212,,AmD,SW?Gator?Does not apply,http://www.ebay.com/itm/Gator-GRW-RACKRAIL-12U-Rack-Rails-12U-Pair-3-pack-Value-Bundle-/402247885629?hash=item5da7d7a33d,Brand or condition not confirmed
531,B0727PNMTF,P4-UFVK-FAA6,SW?716408544212,,AmD,SW?Gator?Does not apply,http://www.ebay.com/itm/Gator-GRW-RACKRAIL-12U-Rack-Rails-12U-Pair-5-pack-Value-Bundle-/402247887313?hash=item5da7d7a9d1,Brand or condition not confirmed
622,B0767LJX8Z,CQ-1UDP-FIWW,SW?857047002678,,AmD,SW?MusicNomad?Does not apply,http://www.ebay.com/itm/MusicNomad-Guitar-Detailer-12oz-3-pack-Value-Bundle-/264709123608?hash=item3da1e4ae18,Brand or condition not confirmed
635,B0002F4TK0,VR-NFZM-RUD9,SW?750795000128,,AmD,SW?Vic Firth?Does not apply,http://www.ebay.com/itm/Vic-Firth-American-Custom-Drumsticks-SD12-Swizzle-Gen-3-pack-Value-Bundle-/264565153874?hash=item3d994fe052,Brand or condition not confirmed
645,B01N4SV17S,KZ-XMOI-2WGF,SW?659814130207,,AmD,SW?On-Stage Stands?Does not apply,http://www.ebay.com/itm/On-Stage-Stands-RS100-Amp-Tilt-System-3-pack-Value-Bundle-/402039586835?hash=item5d9b6d4013,Brand or condition not confirmed
645,B01N4SV17S,KZ-XMOI-2WGF,SW?659814130207,,AmD,SW?On-Stage Stands?Does not apply,http://www.ebay.com/itm/On-Stage-Stands-RS100-Amp-Tilt-System-5-pack-Value-Bundle-/402039589246?hash=item5d9b6d497e,Brand or condition not confirmed
672,B07C868F8Q,AN-MBAT-F5Z6,SW?687471271148,,AmD,SW?Audix?Does not apply,http://www.ebay.com/itm/Audix-MCFLUTE-Replacement-Microphone-Clip-ADX10FLP-2-pack-Value-Bundle-/264565116896?hash=item3d994f4fe0,Brand or condition not confirmed
672,B07C868F8Q,AN-MBAT-F5Z6,SW?687471271148,,AmD,SW?Audix?Does not apply,http://www.ebay.com/itm/Audix-MCFLUTE-Replacement-Microphone-Clip-ADX10FLP-3-pack-Value-Bundle-/264565088822?hash=item3d994ee236,Brand or condition not confirmed
672,B07C868F8Q,AN-MBAT-F5Z6,SW?687471271148,,AmD,SW?Audix?Does not apply,http://www.ebay.com/itm/Audix-MCFLUTE-Replacement-Microphone-Clip-ADX10FLP-5-pack-Value-Bundle-/174123912028?hash=item288a980b5c,Brand or condition not confirmed
754,B00OWX8BQG,0Y-MOZM-6OFZ,SW?641652466013,,AmD,SW?Goodwood?Does not apply,http://www.ebay.com/itm/Goodwood-US-Hickory-Drumsticks-6-Pair-7A-Wood-Tip-5-pack-Value-Bundle-/402245371163?hash=item5da7b1451b,Brand or condition not confirmed
824,B003Y5BP7K,CJ-1J58-1C7S,SW?703272079858,,AmD,SW?Pro Co?EXMSS-20,http://www.ebay.com/itm/Pro-Co-EXM-20-Excellines-Microphone-Cable-20-/174216989797?hash=item2890244c65,Brand or condition not confirmed
877,B004TKU4EO,PP-RTWK-9DVM,SW?642388321638,,AmD,SW?Zildjian?Does not apply,http://www.ebay.com/itm/Zildjian-ZSB-Basic-Drumstick-Bag-5-pack-Value-Bundle-/264642921818?hash=item3d9df2855a,Brand or condition not confirmed
909,B07VTR3M6D,H1-XSU4-ESTR,SW?898775001731,,AmD,SW?Oasis?Does not apply,http://www.ebay.com/itm/Oasis-Ukulele-Plus-Humidifier-3-pack-Value-Bundle-/402244552880?hash=item5da7a4c8b0,Brand or condition not confirmed
911,B0002T67K6,5J-19GM-O6YH,SW?659814760602,,AmD,SW?On-Stage Stands?Does not apply,http://www.ebay.com/itm/On-Stage-Stands-MSA7040TB-Telescoping-Microphone-Boom-2-pack-Value-Bundle-/174201957828?hash=item288f3eedc4,Brand or condition not confirmed
994,B0002E2TGC,WS-0XKD-O394,SW?659007000607,,AmD,SW?Aquarian Drumheads?Does not apply,http://www.ebay.com/itm/Aquarian-Drumheads-Studio-X-Series-Drumhead-13-Cle-5-pack-Value-Bundle-/264709128167?hash=item3da1e4bfe7,Brand or condition not confirmed
1018,B002XZOZGU,LE-WBXI-GMSR,SW?082562083271,,AmD,SW?Grover?Does not apply,http://www.ebay.com/itm/Grover-GP800C-Strap-Lock-Set-Chrome-5-pack-Value-Bundle-/264623104473?hash=item3d9cc421d9,Brand or condition not confirmed
1033,B003Y5BOC6,62-54ET-MAIU,SW?703272079988,,AmD,SW?Pro Co?Does not apply,http://www.ebay.com/itm/Pro-Co-EXM-1-5-Excellines-XLR-XLR-Patch-Cable-1-5-3-pack-Value-Bundle-/401992626913?hash=item5d98a0b2e1,Brand or condition not confirmed
1068,B000KHPJD6,H1-KGS8-HZZC,SW?019954952471,,AmD,SW?Evans?Does not apply,http://www.ebay.com/itm/Evans-EC-Reverse-Dot-Snare-Drumhead-14-5-pack-Value-Bundle-/264565085400?hash=item3d994ed4d8,Brand or condition not confirmed
1115,B00HFRXFQM,VL-51X2-QKSK,SW?019954902582,,AmD,SW?Evans?Does not apply,http://www.ebay.com/itm/Evans-Heavyweight-Coated-Snare-Batter-12-3-pack-Value-Bundle-/174265853045?hash=item28930de475,Brand or condition not confirmed
1146,B003Y5A1UW,LI-FK1D-GAQN,SW?703272079971,,AmD,SW?Pro Co?EXMSS-15,http://www.ebay.com/itm/Pro-Co-EXM-15-Excellines-Microphone-Cable-15-/264663608299?hash=item3d9f2e2beb,Brand or condition not confirmed
1150,B01MF7HKJY,O3-X8DJ-UB6Z,SW?703272672936,,AmD,SW?Pro Co?Does not apply,http://www.ebay.com/itm/Pro-Co-S12-3-TS-TS-Speaker-Cable-3-Pro-Co-S16QQF-1-5-Value-Bundle-/264615670637?hash=item3d9c52b36d,Brand or condition not confirmed
1283,B00562JOG8,M9-8F32-23RL,SW?753382001003,,AmD,SW?Trick Drums?Does not apply,http://www.ebay.com/itm/Trick-Drums-QR1-Quick-Release-Cymbal-Topper-3-pack-Value-Bundle-/402247959959?hash=item5da7d8c597,Brand or condition not confirmed
1283,B00562JOG8,M9-8F32-23RL,SW?753382001003,,AmD,SW?Trick Drums?Does not apply,http://www.ebay.com/itm/Trick-Drums-QR1-Quick-Release-Cymbal-Topper-5-pack-Value-Bundle-/264650270700?hash=item3d9e62a7ec,Brand or condition not confirmed
1396,B000NE4UN6,IW-VTCP-8HGC,SW?635464420387,,AmD,SW?Hercules Stands?Does not apply,http://www.ebay.com/itm/Hercules-Stands-GSB001-Carrying-Bag-Guitar-Stands-2-pack-Value-Bundle-/174191326168?hash=item288e9cb3d8,Brand or condition not confirmed
1396,B000NE4UN6,IW-VTCP-8HGC,SW?635464420387,,AmD,SW?Hercules Stands?Does not apply,http://www.ebay.com/itm/Hercules-Stands-GSB001-Carrying-Bag-Guitar-Stands-3-pack-Value-Bundle-/174191323475?hash=item288e9ca953,Brand or condition not confirmed
1396,B000NE4UN6,IW-VTCP-8HGC,SW?635464420387,,AmD,SW?Hercules Stands?Does not apply,http://www.ebay.com/itm/Hercules-Stands-GSB001-Carrying-Bag-Guitar-Stands-5-pack-Value-Bundle-/174191321905?hash=item288e9ca331,Brand or condition not confirmed
1408,B003Y55TE0,N9-W4T1-GDDI,SW?703272036509,,AmD,SW?Pro Co?Does not apply,http://www.ebay.com/itm/Pro-Co-BPBQXF-10-Excellines-Balanced-Patch-Cable-10-2-pack-Value-Bundle-/401992626221?hash=item5d98a0b02d,Brand or condition not confirmed
1447,B001D2TPZU,SN-YKFJ-07IG,SW?659814499809,,AmD,SW?On-Stage Stands?Does not apply,http://www.ebay.com/itm/On-Stage-Stands-MSA5050-Clamp-On-Drink-Holder-2-pack-Value-Bundle-/174123924170?hash=item288a983aca,Brand or condition not confirmed
1447,B001D2TPZU,SN-YKFJ-07IG,SW?659814499809,,AmD,SW?On-Stage Stands?Does not apply,http://www.ebay.com/itm/On-Stage-Stands-MSA5050-Clamp-On-Drink-Holder-3-pack-Value-Bundle-/174123923786?hash=item288a98394a,Brand or condition not confirmed
1488,B071KSXY1H,H7-TVA6-IR0W,SW?716408544199,,AmD,SW?Gator?Does not apply,http://www.ebay.com/itm/Gator-GRW-RACKRAIL-08U-Rack-Rails-8U-Pair-5-pack-Value-Bundle-/174250993864?hash=item28922b28c8,Brand or condition not confirmed
1524,B0763F5D47,ED-F455-Q5TC,SW?019954252847,,AmD,SW?DAddario?PW-CGTPRO-20,http://www.ebay.com/itm/DAddario-Classic-Pro-Instrument-Cable-20-/174217006763?hash=item2890248eab,Brand or condition not confirmed
1638,B0002E2OUI,HI-7VP0-B3PQ,SW?757242144534,,AmD,SW?Remo?Does not apply,http://www.ebay.com/itm/Remo-Coated-Ambassador-Drumhead-10-5-pack-Value-Bundle-/264673904632?hash=item3d9fcb47f8,Brand or condition not confirmed
1638,B0002E2OUI,HI-7VP0-B3PQ,SW?757242144534,,AmD,SW?Remo?Does not apply,http://www.ebay.com/itm/Remo-Coated-Ambassador-Drumhead-14-10-pack-Value-Bundle-/402245522869?hash=item5da7b395b5,Brand or condition not confirmed
1689,B07N6PJLMB,1B-H6WI-NL4M,SW?694336000676,,AmD,SW?Truetone?Does not apply,http://www.ebay.com/itm/Truetone-CSBRAC-Mounting-Bracket-1-SPOT-Pro-Pair-3-pack-Value-Bundle-/401995535300?hash=item5d98cd13c4,Brand or condition not confirmed
1689,B07N6PJLMB,1B-H6WI-NL4M,SW?694336000676,,AmD,SW?Truetone?Does not apply,http://www.ebay.com/itm/Truetone-CSBRAC-Mounting-Bracket-1-SPOT-Pro-Pair-5-pack-Value-Bundle-/264565107742?hash=item3d994f2c1e,Brand or condition not confirmed
1690,B01N6QUQBD,4J-BR4H-OZJ9,SW?694336000638,,AmD,SW?Truetone?Does not apply,http://www.ebay.com/itm/Truetone-V189-18-volt-9-volt-Converter-3-pack-Value-Bundle-/264565119433?hash=item3d994f59c9,Brand or condition not confirmed
1690,B01N6QUQBD,4J-BR4H-OZJ9,SW?694336000638,,AmD,SW?Truetone?Does not apply,http://www.ebay.com/itm/Truetone-V189-18-volt-9-volt-Converter-5-pack-Value-Bundle-/264565119523?hash=item3d994f5a23,Brand or condition not confirmed
1796,B00Q1SIK2A,5K-6M90-IZNW,SW?656747006982,,AmD,SW?Middle Atlantic Products?Does not apply,http://www.ebay.com/itm/Middle-Atlantic-Products-EVT-Series-Vent-Panel-1-spac-3-pack-Value-Bundle-/402028485736?hash=item5d9ac3dc68,Brand or condition not confirmed
1797,B00HE8ECQY,50-FWHS-MKSZ,SW?656747008573,,AmD,SW?Middle Atlantic Products?Does not apply,http://www.ebay.com/itm/Middle-Atlantic-Products-HRBL1-Half-Rack-1U-Black-Pan-5-pack-Value-Bundle-/264565106866?hash=item3d994f28b2,Brand or condition not confirmed
1823,B0763D1Q1F,28-UXC5-P9R2,SW?019954252830,,AmD,SW?DAddario?PW-CGTPRO-15,http://www.ebay.com/itm/DAddario-Classic-Pro-Instrument-Cable-15-/264663620919?hash=item3d9f2e5d37,Brand or condition not confirmed
1915,B01H62FQ3U,U2-CPXA-7KFZ,SW?611820002169,,AmD,SW?Snark?Does not apply,http://www.ebay.com/itm/Snark-ST-8-Clip-on-Super-Tight-Chromatic-Tuner-10-pack-Value-Bundle-/264562989667?hash=item3d992eda63,Brand or condition not confirmed
1915,B01H62FQ3U,U2-CPXA-7KFZ,SW?611820002169,,AmD,SW?Snark?Does not apply,http://www.ebay.com/itm/Snark-ST-8-Clip-on-Super-Tight-Chromatic-Tuner-12-pack-Value-Bundle-/264562989811?hash=item3d992edaf3,Brand or condition not confirmed
1915,B01H62FQ3U,U2-CPXA-7KFZ,SW?611820002169,,AmD,SW?Snark?Does not apply,http://www.ebay.com/itm/Snark-ST-8-Clip-on-Super-Tight-Chromatic-Tuner-24-pack-Value-Bundle-/401992626687?hash=item5d98a0b1ff,Brand or condition not confirmed
1960,B01MDNNBOB,UG-FE7F-S456,SW?702726004033,,AmD,SW?Graph Tech?Does not apply,http://www.ebay.com/itm/Graph-Tech-PQL-6011-00-TUSQ-XL-Gibson-style-Slotted-Nut-5-pack-Value-Bundle-/402092977846?hash=item5d9e9beeb6,Brand or condition not confirmed
2135,B0010HL5B0,S7-153L-PF15,SW?702725120536,,AmD,SW?Graph Tech?Does not apply,http://www.ebay.com/itm/Graph-Tech-PT-6010-00-Black-TUSQ-XL-Gibson-Jumbo-style-3-pack-Value-Bundle-/264715263297?hash=item3da2425d41,Brand or condition not confirmed
2135,B0010HL5B0,S7-153L-PF15,SW?702725120536,,AmD,SW?Graph Tech?Does not apply,http://www.ebay.com/itm/Graph-Tech-PT-6010-00-Black-TUSQ-XL-Gibson-Jumbo-style-5-pack-Value-Bundle-/174245936303?hash=item2891ddfcaf,Brand or condition not confirmed
2152,B01IJOO4ZA,QC-4UGT-OG0R,SW?750795019236,,AmD,SW?Vic Firth?Does not apply,http://www.ebay.com/itm/Vic-Firth-Corpsmaster-Signature-Snare-Stick-Pair-Ralp-5-pack-Value-Bundle-/264650264532?hash=item3d9e628fd4,Brand or condition not confirmed
2262,B000FP92IQ,PR-8QBB-92HG,SW?750795014071,,AmD,SW?Vic Firth?Does not apply,http://www.ebay.com/itm/Vic-Firth-Signature-Series-Drumsticks-Steve-Jordan-5-pack-Value-Bundle-/264650267308?hash=item3d9e629aac,Brand or condition not confirmed
